content,clas
"['find', 'hop', 'antisoc', 'bor', 'lon', 'find', 'difficult', 'see', 'reason', 'mak', 'next', 'day', 'friend', 'see', 'every', 'month', 'depend', 'bor', 'wish', 'soc', 'play', 'gam', 'onlin', 'atleast', 'every', 'week', 'best', 'friend', 'suck', 'cant', 'op', 'anyth', 'fear', 'disgust', 'hat', 'night', 'went', 'soc', 'cowork', 'invit', 'coupl', 'hangout', 'stuff', 'rar', 'drink', 'get', 'rag', 'littl', 'bit', 'bad', 'anxy', 'going', 'plac', 'norm', 'go', 'meet', 'peopl', 'driv', 'anywh', 'besid', 'work', 'get', 'gas', 'main', 'also', 'due', 'anxy', 'say', 'im', 'keep', 'short', 'simpl', 'lik', 'simil', 'issu', 'adv', 'hop']",1
"['pas', 'lif', 'wor', 'liv', 'pas', 'know', 'aim', 'toward', 'anym', 'going', 'colleg', 'soon', 'idk', 'wan', 'na', 'study', 'mak', 'feel', 'lik', 'idiot', 'pas', 'someth', 'feel', 'behind', 'seem', 'lik', 'everyon', 'el', 'know', 'want', 'wast', 'spac', 'want', 'fuck', 'km', 'everyth', 'overwhelm', 'chant', 'lif', 'anyway', 'fuck', 'stupid']",1
"['fam', 'get', 'itlast', 'year', 'depress', 'breakdown', 'land', 'psych', 'hospit', 'famy', 'car', 'seem', 'year', 'eag', 'await', 'birthday', 'octob', 'yet', 'got', 'on', 'phon', 'cal', 'card', 'gift', 'famy', 'thanksg', 'christmas', 'includ', 'cal', 'moth', 'par', 'law', 'yet', 'nobody', 'el', 'thought', 'import', 'contact', 'son', 'husband', 'learn', 'nev', 'alway', 'way', 'sorry', 'rant', 'know', 'understand', 'act', 'lik', 'mat', 'hurt', 'lot']",1
"['troubl', 'cop', 'sur', 'next', 'fin', 'term', 'fin', 'year', 'univers', 'job', 'lin', 'gradu', 'thing', 'object', 'look', 'quit', 'good', 'mad', 'far', 'chronic', 'il', 'sint', 'last', 'three', 'year', 'depress', 'result', 'il', 'tim', 'tri', 'almost', 'every', 'antidepress', 'alon', 'combin', 'fin', 'man', 'tol', 'see', 'eff', 'mao', 'also', 'hour', 'cbt', 'discharg', 'seen', 'subst', 'improv', 'real', 'good', 'year', 'le', 'good', 'six', 'month', 'thing', 'bad', 'back', 'feel', 'hopeless', 'worthless', 'occas', 'suicid', 'int', 'act', 'wish', 'random', 'tear', 'mot', 'anxy', 'etc', 'prob', 'chronic', 'il', 'cur', 'poor', 'control', 'tre', 'avail', 'can', 'not', 'fix', 'phys', 'heal', 'univers', 'real', 'get', 'mak', 'feel', 'phys', 'wors', 'wors', 'consequ', 'ment', 'wors', 'mem', 'cont', 'lect', 'attend', 'wors', 'find', 'hard', 'keep', 'problem', 'sur', 'point', 'talk', 'tut', 'univers', 'improv', 'timet', 'mak', 'easy', 'attend', 'tak', 'work', 'away', 'also', 'afraid', 'going', 'believ', 'wel', 'last', 'year', 'feel', 'lik', 'fraud', 'lik', 'deserv', 'real', 'tri', 'explain', 'thing', 'housem', 'friend', 'aw', 'vary', 'heal', 'issu', 'get', 'across', 'bad', 'feel', 'eq', 'sur', 'much', 'psychy', 'exhaust', 'standard', 'antidepress', 'almost', 'unus', 'on', 'combin', 'thing', 'mao', 'combin', 'opt', 'know', 'struggling', 'sur', 'know', 'ext', 'doubt', 'get', 'cbt', 'also', 'struggling', 'man', 'tim', 'energy', 'know', 'deal', 'hourlong', 'appoint', 'plu', 'commut', 'cbt', 'homework', 'real', 'know']",1
"['got', 'new', 'job', 'coupl', 'week', 'ago', 'ask', 'scheduled', 'hr', 'week', 'week', 'work', 'know', 'lot', 'peopl', 'holy', 'shit', 'want', 'get', 'burnt', 'got', 'job', 'ask', 'hour', 'wak', 'everyday', 'already', 'hard', 'enough', 'without', 'soul', 'crush', 'work', 'thought', 'get', 'help', 'depress', 'demand', 'work', 'ful', 'tim', 'week', 'want', 'scream', 'know', 'sound', 'lik', 'littl', 'bitch', 'complain', 'work', 'hard']",1
"['k', 'fin', 'last', 'cli', 'night', 'going', 'hom', 'alon', 'that', 'ok', 'nee', 'alon', 'must', 'find', 'in', 'peac']",0
"['serinurshir', 'lol', 'tak', 'david', 'lah', 'want', 'danny', 'tom']",0
"['suicid', 'let', 'fin', 'written', 'alway', 'wrot', 'talk', 'much', 'strangely', 'peac', 'find', 'say', 'littl', 'word', 'left', 'room', 'back', 'plac', 'far', 'away', 'ad', 'anyth', 'say', 'sorry', 'morbid', 'anyon', 'read', 'hop', 'ord', 'peopl', 'affect', 'anyon', 'writ', 'rememb', 'thing', 'left', 'act', 'let', 'pap', 'gracia', 'por', 'darm', 'tanta', 'moneda', 'aquel', 'en', 'el', 'bar', 'que', 'ten', 'un', 'quin', 'de', 'pelota', 'de', 'esa', 'que', 'bot', 'mucho', 'yo', 'quer', 'la', 'del', 'delf', 'n', 'aunqu', 'estab', 'debajo', 'de', 'veinteipico', 'otra', 'pelota', 'dejast', 'de', 'darm', 'moneda', 'de', 'un', 'euro', 'hast', 'que', 'sal', 'la', 'que', 'quer', 'amp', 'mam', 'lo', 'siento', 'por', 'hab', 'contestado', 'tanto', 'poco', 'mensa', 'ver', 'la', 'chica', 'gilm', 'junta', 'tanta', 'vec', 'fue', 'la', 'mej', 'part', 'de', 'mi', 'vid', 'amp', 'hauk', 'plea', 'read', 'green', 'book', 'every', 'try', 'rememb', 'lik', 'on', 'mad', 'happy', 'sa', 'also', 'tattoo', 'get', 'jenny', 'mountain', 'goat', 'send', 'black', 'nik', 'back', 'nee', 'amp', 'juanjo', 'nunc', 'te', 'lo', 'dij', 'pero', 'fuist', 'mi', 'prim', 'gran', 'amigo', 'sol', 'meterm', 'en', 'tuent', 'par', 'ver', 'qu', 'posteaba', 'e', 'investig', 'acerc', 'de', 'ello', 'por', 'si', 'alg', 'n', 'no', 'conoc', 'amo', 'en', 'person', 'pod', 'impresionart', 'amp', 'salom', 'oj', 'nunc', 'huby', 'ido', 'de', 'nuestro', 'piso', 'perd', 'el', 'concepto', 'de', 'ca', 'al', 'hacerlo', 'amp', 'yan', 'alway', 'afraid', 'mak', 'intellect', 'fool', 'front', 'wish', 'born', 'famy', 'mad', 'villarroel', 'amp', 'samu', 'por', 'fav', 'sigu', 'con', 'nuestra', 'clas', 'si', 'alguy', 'va', 'atorment', 'en', 'lo', 'que', 'vien', 'despu', 'er']",1
"['stand', 'hurt', 'peopl', 'anym', 'dead', 'tomorrow', 'morning', 'mi', 'liv', 'stop', 'mak', 'famy', 'upset', 'nitpick', 'everyth', 'sick', 'famy', 'told', 'afraid', 'talk', 'snap', 'get', 'frust', 'try', 'hardest', 'tri', 'enough', 'don', 'amount', 'good', 'bad', 'contribut', 'near', 'enough', 'sick', 'tir', 'liv', 'skin', 'hat', 'much', 'lik', 'year', 'feel', 'get', 'wors', 'die', 'soon', 'thank', 'read', 'vent', 'cho', 'exceiv', 'fac', 'inevit']",1
"['husband', 'cancel', 'annivers', 'lunch', 'tak', 'napaft', 'break', 'last', 'week', 'ask', 'divorc', 'tak', 'back', 'feel', 'lik', 'mat', 'anym', 'hurt', 'lot', 'top', 'kid', 'understand', 'fault', 'keep', 'demand', 'fight', 'everyth', 'day', 'wish', 'disappear']",1
"['help', 'ph', 'stud', 'follow', 'downward', 'spir', 'despit', 'attempt', 'invert', 'mov', 'hi', 'first', 'warn', 'long', 'may', 'sound', 'lik', 'vent', 'year', 'ph', 'stud', 'comput', 'sci', 'cur', 'univers', 'am', 'cit', 'eu', 'country', 'ph', 'context', 'doubl', 'degr', 'program', 'requir', 'divid', 'ph', 'tim', 'univers', 'anoth', 'univers', 'europ', 'ca', 'tre', 'ful', 'tim', 'ph', 'stud', 'eith', 'sid', 'fulfil', 'requir', 'ful', 'tim', 'stud', 'etc', 'feel', 'progress', 'ph', 'fair', 'mediocr', 'year', 'fail', 'submit', 'show', 'gon', 'na', 'talk', 'ph', 'requir', 'cours', 'taing', 'qual', 'exam', 'etc', 'count', 'much', 'adv', 'particul', 'old', 'school', 'styl', 'requir', 'problem', 'right', 'start', 'somewh', 'oppos', 'maj', 'ph', 'colleagu', 'get', 'thing', 'start', 'includ', 'spec', 'project', 'go', 'someth', 'let', 'say', 'work', 'pas', 'qual', 'exam', 'acceiv', 'publ', 'dev', 'set', 'person', 'goal', 'achiev', 'second', 'part', 'academ', 'year', 'publ', 'work', 'work', 'past', 'year', 'reason', 'respect', 'conf', 'field', 'deadlin', 'may', 'find', 'work', 'new', 'research', 'top', 'publ', 'academ', 'year', 'obtain', 'intern', 'posit', 'attain', 'profess', 'expery', 'year', 'fund', 'felt', 'miss', 'opportun', 'tak', 'cours', 'knowledg', 'are', 'felt', 'lack', 'parallel', 'also', 'impl', 'follow', 'chang', 'lif', 'attempt', 'invert', 'situ', 'non', 'work', 'rel', 'act', 'going', 'sint', 'novemb', 'also', 'qual', 'exam', 'bicyc', 'dai', 'ba', 'commut', 'everywh', 'wint', 'mild', 'help', 'regard', 'let', 'say', 'lik', 'rid', 'bicyc', 'youtub', 'watch', 'v', 'regul', 'exerc', 'gym', 'x', 'per', 'week', 'weightlift', 'try', 'interleav', 'cardio', 'act', 'swim', 'intens', 'bik', 'rid', 'loc', 'park', 'x', 'per', 'week', 'healthy', 'diet', 'avoid', 'sug', 'sod', 'much', 'po', 'reduc', 'amount', 'carb', 'consum', 'meal', 'breakfast', 'start', 'day', 'nut', 'breakfast', 'increas', 'protein', 'intak', 'tri', 'est', 'habit', 'read', 'bit', 'non', 'work', 'rel', 'lit', 'least', 'per', 'week', 'non', 'work', 'rel', 'chang', 'success', 'impl', 'almost', 'point', 'becom', 'habit', 'mid', 'march', 'non', 'work', 'rel', 'goal', 'seem', 'attain', 'adv', 'alway', 'going', 'back', 'n', 'for', 'work', 'try', 'publ', 'also', 'un', 'snap', 'foc', 'giv', 'definit', 'forward', 'push', 'start', 'freak', 'start', 'mak', 'afraid', 'miss', 'deadlin', 'apply', 'gt', 'posit', 'fit', 'profil', 'verg', 'get', 'non', 'fail', 'got', 'respons', 'today', 'round', 'interview', 'maj', 'tech', 'company', 'go', 'wel', 'off', 'research', 'lab', 'europ', 'project', 'seem', 'excit', 'honest', 'somehow', 'look', 'fail', 'giv', 'man', 'sec', 'intern', 'consid', 'drop', 'cours', 'going', 'class', 'del', 'assign', 'think', 'abl', 'keep', 'want', 'fulfil', 'publ', 'object', 'top', 'ph', 'colleagu', 'interact', 'sup', 'success', 'ph', 'publ', 'nic', 'venu', 'award', 'ok', 'intern', 'cool', 'plac', 'nam', 'start', 'feel', 'stupid', 'honest', 'believ', 'stupid', 'stud', 'school', 'acceiv', 'program', 'also', 'pretty', 'certain', 'tak', 'tol', 'ment', 'heal', 'start', 'isol', 'oth', 'talk', 'mean', 'loud', 'lot', 'sometim', 'nic', 'thing', 'speak', 'le', 'le', 'friend', 'famy', 'back', 'hom', 'part', 'sham', 'fail', 'much', 'consid', 'leav', 'program', 'kick', 'sur', 'howev', 'feel', 'burnout', 'in', 'attract', 'interest', 'industry', 'find', 'lack', 'respons', 'intern', 'apply', 'proof', 'mak', 'fear', 'profess', 'fut', 'wel', 'ok', 'vent', 'bad', 'day', 'anyon', 'giv', 'adv', 'spec', 'regard', 'opt', 'quit', 'program', 'thank', 'read']",1
"['martha', 'hop', 'get', 'read', 'don']",0
"['cool', 'awesomeon', 'top', 'shit', 'deal', 'check', 'post', 'hist', 'tl', 'dr', 'withdrew', 'colleg', 'going', 'colleg', 'hometown', 'hat', 'import', 'also', 'hung', 'nev', 'girlfriend', 'miss', 'hum', 'expery', 'broth', 'mow', 'wet', 'grass', 'hil', 'foot', 'slip', 'bon', 'shat', 'smal', 'chant', 'might', 'get', 'toe', 'cut', 'way', 'hospit', 'mom', 'hit', 'deer', 'mash', 'front', 'end', 'car', 'car', 'already', 'lot', 'problem', 'afford', 'get', 'fix', 'noth', 'posit', 'hap', 'someth', 'posit', 'hap', 'incred', 'temp', 'neg', 'thing', 'show', 'sign', 'going', 'away', 'tim', 'soon', 'real', 'tir', 'bullshit', 'anyth', 'could', 'job', 'gon', 'lif', 'get', 'bet', 'struggling', 'sint', 'ag', 'everyth', 'pow', 'prov', 'tim', 'tim', 'mat', 'complet', 'futil', 'work', 'lik', 'lot', 'post', 'anxy', 'kind', 'acceiv', 'want', 'anym']",1
"['venting', 'wrot', 'lot', 'delet', 'dont', 'know', 'feel', 'feel', 'lik', 'im', 'wast', 'lif', 'away']",1
"['nee', 'help', 'mal', 'good', 'pay', 'job', 'wif', 'child', 'get', 'profess', 'help', 'year', 'cur', 'tak', 'zoloft', 'klonopin', 'dai', 'friend', 'feel', 'lik', 'soc', 'misfit', 'yet', 'real', 'want', 'much', 'work', 'littl', 'fre', 'tim', 'trust', 'issu', 'past', 'rel', 'left', 'bit', 'angry', 'friend', 'mak', 'uncomfort', 'certain', 'situ', 'exampl', 'colleagu', 'discus', 'weekend', 'hang', 'friend', 'car', 'job', 'yet', 'want', 'find', 'anoth', 'on', 'job', 'hop', 'much', 'real', 'going', 'find', 'job', 'lik', 'past', 'find', 'new', 'job', 'felt', 'lik', 'ray', 'hop', 'long', 'feel', 'lik', 'liv', 'movy', 'groundhog', 'day', 'terr', 'fuck', 'fed', 'routin', 'lot', 'chang', 'lik', 'therap', 'help', 'feel', 'bit', 'frust', 'stil', 'year', 'lat', 'lov', 'wif', 'child', 'hat', 'lack', 'fre', 'tim', 'nee', 'alon', 'definit', 'introvert', 'weak', 'afraid', 'lead', 'child', 'child', 'nee', 'dad', 'fragil', 'hat', 'peopl', 'gen', 'oft', 'see', 'worst', 'unfortun', 'workplac', 'surround', 'extrovert', 'find', 'easy', 'target', 'play', 'insult', 'hang', 'onto', 'thing', 'long', 'espec', 'word', 'analys', 'reanalys', 'wond', 'say', 'oft', 'think', 'suicid', 'scar', 'leav', 'famy', 'espec', 'victim', 'suicid', 'know', 'destroy', 'liv', 'think', 'bal', 'anyway', 'real', 'oft', 'want', 'pick', 'famy', 'go', 'across', 'country', 'feel', 'lik', 'nee', 'fresh', 'start', 'know', 'deep', 'answ', 'hat', 'peopl', 'mat', 'go', 'brok', 'nee', 'help']",1
"['today', 'got', 'real', 'jealous', 'walk', 'hom', 'school', 'today', 'saw', 'real', 'cut', 'littl', 'girl', 'walk', 'hom', 'dad', 'girl', 'look', 'innoc', 'happy', 'sometim', 'wond', 'long', 'wait', 'travel', 'past', 'mad', 'po', 'want', 'young', 'kid', 'week', 'famy', 'giv', 'headach', 'fact', 'week', 'year', 'stay', 'school', 'mad', 'lot', 'happy', 'believ', 'say', 'ye', 'thu', 'conclud', 'nee', 'go', 'oversea', 'prob', 'study', 'oversea', 'liv', 'rest', 'lif', 'least', 'famy', 'issu', 'anym', 'think', 'liv', 'solitud', 'might', 'best', 'opt', 'rath', 'end', 'hop', 'god', 'tak', 'pity', 'allow', 'releas', 'hel', 'hol', 'stil', 'anoth', 'year', 'half', 'prov', 'im', 'worthy', 'scholarship', 'real', 'hop', 'get', 'seem', 'lik', 'ticket', 'hel', 'right']",1
"['clos', 'tel', 'doct', 'fin', 'real', 'see', 'doct', 'depress', 'went', 'act', 'got', 'gut', 'see', 'profess', 'ask', 'quest', 'answ', 'honest', 'got', 'suicid', 'self', 'harm', 'knew', 'tak', 'sery', 'said', 'thought', 'eith', 'mad', 'seem', 'lik', 'suicid', 'occ', 'think', 'anym', 'reason', 'tel', 'requir', 'tel', 'fath', 'think', 'ready', 'thought', 'ready', 'know', 'appoint', 'doct', 'wrot', 'nam', 'psycholog', 'wrot', 'fin', 'diagnos', 'adjust', 'disord', 'depress', 'mood', 'sent', 'way', 'suppos', 'day', 'got', 'help', 'pussy', 'lif', 'back', 'way', 'somehow', 'feel', 'twic', 'bad', 'way', 'hom', 'tear', 'ey', 'voic', 'trembl', 'look', 'anyon', 'ey', 'sur', 'tel', 'doct', 'op', 'mou', 'say', 'act', 'oft', 'think', 'suicid', 'also', 'self', 'inflict', 'cut', 'arm', 'mak', 'anoth', 'appoint', 'annoy', 'mean', 'ment', 'heal', 'ass', 'thing', 'doubt', 'enjoy', 'went', 'diff', 'doct', 'prob', 'seem', 'lik', 'drug', 'seek', 'someth', 'adv', 'suck', 'captcchpthchpa']",1
"['near', 'end', 'itmy', 'lif', 'feel', 'wor', 'anym', 'burd', 'everyon', 'problem', 'solv', 'reason', 'liv', 'fix', 'peopl', 'tir', 'thing', 'way', 'stay', 'al', 'suicid', 'let', 'already', 'writ', 'par', 'divorc', 'real', 'moth', 'control', 'feel', 'lik', 'on', 'escap', 'lif', 'on', 'big', 'hol', 'everyth', 'shitty', 'go', 'sleep', 'decid', 'hap', 'tomorrow', 'anyway', 'send', 'lov', 'stil', 'tomorrow', 'anyon', 'nee', 'someon', 'talk', 'hmu']",1
"['tanmaygolh', 'thank']",0
"['tri', 'honest', 'almost', 'therapy', 'appoint', 'saturday', 'counsel', 'told', 'got', 'everyth', 'set', 'good', 'saturday', 'cal', 'aunt', 'tel', 'told', 'mom', 'cam', 'hom', 'told', 'cal', 'ask', 'fuck', 'laugh', 'voic', 'lon', 'nee', 'psychy', 'help', 'mom', 'cancel', 'appoint', 'told', 'want', 'tre', 'med', 'know', 'on', 'know', 'depress', 'want', 'kil', 'tak', 'pil', 'fuck', 'chant', 'gon']",1
"['zaragreen', 'problem', 'keep', 'comin']",0
"['grahamcoltonf', 'hahah', 'exceiv', 'haley', 'get', 'hit', 'car', 'yay', 'leyton']",0
"['heatxsink', 'screaaaaaaaaaaaaaaaaaaaaaaaaaaaaam', 'nev', 'freu', 'zu', 'fr', 'h']",0
"['want', 'die', 'almost', 'every', 'day', 'last', 'year', 'swing', 'felt', 'lik', 'talk', 'rememb', 'last', 'tim', 'act', 'want', 'al', 'whol', 'day', 'might', 'random', 'mom', 'day', 'apprecy', 'someth', 'tim', 'want', 'die', 'real', 'know', 'cor', 'issu', 'don', 'therapy', 'tak', 'med', 'thousand', 'artic', 'depress', 'self', 'improv', 'learn', 'lov', 'oneself', 'philosoph', 'lif', 'much', 'noth', 'real', 'improv', 'though', 'alway', 'dream', 'bet', 'lif', 'night', 'can', 'not', 'sleep', 'comfy', 'bed', 'imagin', 'going', 'wel', 'next', 'day', 'goal', 'rang', 'on', 'pushup', 'domin', 'whol', 'day', 'imagin', 'act', 'interest', 'becom', 'bet', 'easy', 'on', 'pushup', 'part', 'ut', 'unwil', 'story', 'improv', 'daydream', 'etc', 'thing', 'enjoy', 'act', 'put', 'work', 'nop', 'ear', 'ment', 'block', 'kept', 'rut', 'decad', 'understand', 'unless', 'real', 'weak', 'wil', 'anyth', 'mot', 'set', 'list', 'goal', 'min', 'habit', 'lik', 'on', 'pushup', 'anym', 'mayb', 'alway', 'fail', 'could', 'smart', 'goal', 'hug', 'goal', 'min', 'goal', 'everyth', 'el', 'could', 'get', 'rid', 'every', 'distract', 'cre', 'study', 'spac', 'get', 'account', 'buddy', 'reward', 'pun', 'singl', 'on', 'work', 'try', 'build', 'disciplin', 'wont', 'hap', 'unwil', 'put', 'ount', 'work', 'mat', 'environ', 'mot', 'willpow', 'def', 'tir', 'want', 'someth', 'sick', 'daydream', 'wond', 'thing', 'nev', 'grasp', 'ount']",1
"['fuck', 'thing', 'hap', 'tonight', 'ran', 'someon', 'trad', 'joe', 'seen', 'year', 'want', 'see', 'againand', 'say', 'trad', 'joe', 'lov', 'stor', 'worry', 'doucheb', 'neighb', 'terr', 'person', 'abud', 'rel', 'kind', 'get', 'grow', 'seem', 'norm', 'abud', 'worst', 'rac', 'met', 'pedophil', 'think', 'show', 'sex', 'interest', 'year', 'old', 'qual', 'wheth', 'touch', 'tim', 'knew', 'wrong', 'real', 'understand', 'ful', 'meant', 'want', 'talk', 'last', 'nam', 'knew', 'fath', 'nam', 'happy', 'rid', 'past', 'year', 'look', 'first', 'believ', 'saw', 'ag', 'weight', 'cam', 'back', 'first', 'thing', 'said', 'talk', 'want', 'see', 'think', 'fair', 'amount', 'venom', 'keep', 'want', 'talk', 'nev', 'let', 'get', 'ful', 'sent', 'get', 'loud', 'veh', 'yel', 'cur', 'stop', 'talk', 'walk', 'away', 'whol', 'tim', 'kept', 'hear', 'voic', 'behind', 'start', 'every', 'tim', 'fin', 'screaming', 'shut', 'fuck', 'want', 'hear', 'voic', 'let', 'fin', 'sent', 'cam', 'around', 'pay', 'grocery', 'certain', 'going', 'run', 'leav', 'thing', 'want', 'let', 'pow', 'believ', 'fright', 'runty', 'littl', 'thing', 'without', 'near', 'much', 'pow', 'condit', 'tim', 'believ', 'un', 'protect', 'anyth', 'told', 'saw', 'toward', 'checkout', 'decid', 'wor', 'tel', 'on', 'thing', 'ca', 'vicin', 'saw', 'mak', 'sur', 'see', 'left', 'stor', 'decid', 'loud', 'pronount', 'abus', 'pedophil', 'rememb', 'rac', 'aspect', 'hop', 'embarrass', 'back', 'peopl', 'uncomfort', 'quit', 'deal', 'nee', 'intend', 'go', 'sit', 'dog', 'car', 'ramp', 'drov', 'get', 'car', 'let', 'dog', 'walk', 'front', 'car', 'park', 'right', 'next', 'fuck', 'sak', 'say', 'push', 'cart', 'away', 'bring', 'dog', 'leav', 'stil', 'try', 'talk', 'start', 'screaming', 'shut', 'fuck', 'keep', 'talk', 'fuck', 'freak', 'say', 'wel', 'apolog', 'scream', 'abus', 'pedophil', 'fuck', 'apolog', 'say', 'hit', 'want', 'scream', 'go', 'far', 'away', 'get', 'lot', 'big', 'leav', 'fair', 'shak', 'may', 'eng', 'much', 'way', 'could', 'allow', 'voic', 'try', 'speak', 'hear', 'best', 'stomp', 'ground', 'on', 'real', 'good', 'thing', 'cam', 'two', 'wom', 'lot', 'saw', 'cam', 'see', 'ok', 'explain', 'hap', 'real', 'nic', 'good', 'peopl', 'ask', 'hug', 'real', 'lik', 'hug', 'nee', 'gen', 'sen', 'ok', 'real', 'mad', 'feel', 'much', 'bet', 'real', 'nic', 'talk', 'mad', 'connect', 'got', 'numb', 'going', 'invit', 'din', 'hang', 'soc', 'thing', 'hard', 'long', 'tim', 'fin', 'learn', 'interact', 'peopl', 'real', 'isol', 'lon', 'long', 'tim', 'chos', 'look', 'good', 'thing', 'end', 'forget', 'without', 'hap', 'nev', 'met', 'two', 'wom', 'feel', 'may', 'becom', 'good', 'friend', 'wel', 'wor', 'meet', 'ca', 'sur', 'post', 'guy', 'alway', 'act', 'support', 'tl', 'dr', 'abud', 'boyfriend', 'seen', 'year', 'run', 'blu', 'freak', 'mak', 'two', 'new', 'friend']",1
"['fin', 'day', 'start', 'nic', 'mayb', 'nic', 'end']",0
"['oh', 'joy', 'op', 'chang', 'room', 'tomorow', 'wel', 'mayb', 'let', 'catch', 'read', 'least']",0
"['brotherjess', 'bal', 'mot', 'typ', 'conceiv', 'outlin', 'form', 'could', 'develop', 'en', 'del', 'gre']",0
"['kil', 'think', 'famy', 'upset', 'want', 'die', 'hat', 'lif', 'hat', 'many', 'good', 'thing', 'crawl', 'bal', 'cri', 'screamed', 'closet', 'hyperventil', 'know', 'want', 'die']",1
"['breakup', 'story', 'dont', 'feel', 'lik', 'im', 'get', 'ruin', 'lif', 'high', 'school', 'went', 'mon', 'rel', 'fel', 'girl', 'mov', 'quick', 'already', 'say', 'lov', 'week', 'begin', 'thing', 'gre', 'toward', 'end', 'seem', 'chang', 'rememb', 'feel', 'slip', 'away', 'fight', 'alot', 'hard', 'real', 'act', 'hap', 'day', 'mak', 'thing', 'seem', 'fin', 'thought', 'fight', 'stil', 'dwel', 'head', 'got', 'on', 'fight', 'on', 'afternoon', 'end', 'cle', 'mess', 'mak', 'end', 'day', 'act', 'suppos', 'see', 'next', 'morn', 'went', 'sleep', 'say', 'lov', 'next', 'morn', 'drov', 'plac', 'upstair', 'vi', 'upset', 'tri', 'hug', 'seem', 'frust', 'car', 'lat', 'told', 'tak', 'break', 'end', 'lead', 'break', 'rememb', 'begin', 'cry', 'rememb', 'driv', 'school', 'morn', 'whol', 'tim', 'try', 'ask', 'reconsid', 'tak', 'break', 'got', 'piss', 'told', 'leav', 'alon', 'went', 'class', 'rememb', 'going', 'two', 'friend', 'bawl', 'ey', 'outsid', 'socc', 'field', 'school', 'anyway', 'breakup', 'bad', 'next', 'year', 'end', 'worst', 'gain', 'alot', 'weight', 'lif', 'going', 'downhil', 'school', 'slip', 'grad', 'year', 'affect', 'acceiv', 'colleg', 'apply', 'start', 'dat', 'guy', 'school', 'week', 'brok', 'think', 'that', 'hurt', 'pain', 'feel', 'felt', 'lik', 'wasnt', 'feel', 'party', 'rememb', 'see', 'outsid', 'mak', 'confront', 'push', 'ground', 'rememb', 'feel', 'angry', 'friend', 'cam', 'outsid', 'stop', 'anyth', 'rememb', 'cry', 'outsid', 'min', 'also', 'drunk', 'act', 'cam', 'talk', 'say', 'lov', 'friend', 'anyway', 'night', 'hazy', 'punch', 'guy', 'stomach', 'lat', 'iv', 'nev', 'felt', 'much', 'ang', 'pul', 'vein', 'feel', 'cam', 'back', 'tim', 'anyway', 'hard', 'put', 'thought', 'many', 'expery', 'main', 'thing', 'concern', 'second', 'year', 'colleg', 'thought', 'stil', 'haunt', 'nee', 'get', 'nee', 'mov', 'hug', 'feel', 'nee', 'someon', 'tak', 'plac', 'heart', 'increas', 'weight', 'led', 'hug', 'confid', 'self', 'esteem', 'issu', 'worst', 'part', 'self', 'disciplin', 'shit', 'wel', 'think', 'los', 'weight', 'sint', 'start', 'gain', 'im', 'almost', 'dec', 'shap', 'high', 'school', 'driv', 'near', 'hous', 'city', 'hurt', 'pain', 'insid', 'kil', 'today', 'act', 'saw', 'mut', 'friend', 'snapch', 'story', 'kil', 'kind', 'mot', 'post', 'const', 'dream', 'think', 'sometim', 'want', 'anyth', 'sometim', 'feel', 'lik', 'im', 'get', 'bet', 'situ', 'think', 'she', 'good', 'find', 'someon', 'el', 'dream', 'start', 'im', 'look', 'reveng', 'wan', 'na', 'get', 'lif', 'track', 'wan', 'na', 'get', 'shap', 'increas', 'confid', 'self', 'esteem', 'know', 'im', 'bless', 'know', 'im', 'bet', 'embarrass', 'way', 'act', 'breakup', 'everyon', 'high', 'school', 'cry', 'tim', 'gain', 'weight', 'that', 'hurt', 'self', 'esteem', 'feel', 'nee', 'gain', 'back', 'start', 'proud', 'thank', 'everyon', 'read', 'think', 'talk', 'someon', 'also', 'plea', 'excus', 'gram', 'mistak', 'sloppy', 'post', 'much', 'head', 'many', 'mem', 'rel', 'real', 'wish', 'could', 'explain', 'hard', 'org', 'on', 'post']",1
"['sink', 'feel', 'go', 't', 'brac', 'comedown']",0
"['hoy', 'tomo', 'un', 'decis', 'n', 'muero', 'salgo', 'adel', 'bueno', 'se', 'por', 'dond', 'empez', 'est', 'cuent', 'estab', 'programad', 'par', 'eliminars', 'pero', 'por', 'politica', 'de', 'fac', 'se', 'elimin', 'sino', 'hast', 'despu', 'de', 'un', 'tiempo', 'justo', 'an', 'se', 'eliminab', 'la', 'mia', 'da', 'curiosidad', 'sab', 'que', 'mucho', 'pensaron', 'que', 'hab', 'alejado', 'salido', 'por', 'tema', 'de', 'parej', 'dema', 'porqu', 'al', 'contrario', 'est', 'er', 'la', 'person', 'que', 'ayudab', 'manten', 'en', 'un', 'situac', 'digamo', 'ment', 'est', 'soy', 'un', 'loco', 'ni', 'nad', 'de', 'eso', 'solo', 'soy', 'un', 'person', 'que', 'por', 'motivo', 'del', 'destino', 'nunc', 'ha', 'demostrado', 'mucho', 'de', 'lo', 'que', 'le', 'pa', 'mi', 'famil', 'le', 'cost', 'que', 'siempr', 'que', 'cai', 'nunc', 'quejab', 'del', 'dol', 'por', 'ma', 'fuert', 'que', 'sea', 'el', 'totazo', 'mi', 'mam', 'sab', 'que', 'par', 'que', 'un', 'dol', 'llevar', 'al', 'hospit', 'e', 'co', 'ser', 'adema', 'tengamo', 'en', 'cuent', 'que', 'la', 'unic', 'vez', 'que', 'pu', 'trist', 'de', 'pequ', 'fue', 'con', 'la', 'muert', 'de', 'mi', 'abuelo', 'aunqu', 'e', 'e', 'el', 'punto', 'seguro', 'ya', 'perd', 'el', 'hilo', 'de', 'esto', 'la', 'verdad', 'tengo', 'much', 'ment', 'par', 'pen', 'en', 'ord', 'estrcustura', 'dema', 'a', 'que', 'espero', 'que', 'esto', 'sea', 'un', 'gran', 'escrito', 'solo', 'espero', 'que', 'alivy', 'un', 'poco', 'e', 'que', 'volviendo', 'lo', 'del', 'inicio', 'como', 'dij', 'mi', 'parej', 'er', 'la', 'person', 'que', 'ayudab', 'ell', 'sab', 'todo', 'de', 'mi', 'mi', 'problema', 'mi', 'miedo', 'ell', 'ha', 'visto', 'llor', 'de', 'la', 'maner', 'que', 'nade', 'ma', 'pued', 'haberm', 'visto', 'ell', 'sab', 'en', 'el', 'vacio', 'en', 'el', 'que', 'encontrab', 'que', 'con', 'muecho', 'esfuerzo', 'ell', 'ayudo', 'salir', 'todo', 'esto', 'siempr', 'mientra', 'le', 'sonre', 'demostrab', 'nad', 'la', 'dema', 'persona', 'incluida', 'mi', 'famil', 'se', 'que', 'alguno', 'se', 'pued', 'pregunt', 'pero', 'que', 'problema', 'pued', 'ten', 'alguy', 'como', 'tu', 'se', 'se', 'pero', 'tengo', 'vario', 'tengo', 'vacio', 'tengo', 'miedo', 'dema', 'cosa', 'que', 'ahor', 'incluso', 'han', 'sido', 'peor', 'porqu', 'empec', 'con', 'insomnio', 'llevando', 'dia', 'sin', 'dormir', 'ca', 'nad', 'empezado', 'oir', 'cosa', 'dema', 'la', 'verdad', 'estoy', 'en', 'un', 'punto', 'dond', 'trato', 'mal', 'la', 'persona', 'vuelto', 'ma', 'irrit', 'lastimosa', 'por', 'ma', 'que', 'mi', 'parej', 'hay', 'ayudado', 'hay', 'sacado', 'de', 'ah', 'hay', 'logrado', 'que', 'volvier', 'ver', 'luz', 'en', 'est', 'pai', 'de', 'mierd', 'ape', 'de', 'eso', 'hoy', 'toco', 'fondo', 'esto', 'lo', 'hago', 'par', 'gener', 'pez', 'esto', 'lo', 'hago', 'par', 'que', 'hay', 'gent', 'que', 'entiend', 'que', 'sonreir', 'e', 'sinonimo', 'de', 'ser', 'fel', 'que', 'hay', 'persona', 'que', 'toc', 'fondo', 'sab', 'pedir', 'ayud', 'incluso', 'hay', 'persona', 'que', 'ni', 'se', 'dan', 'cuent', 'hast', 'que', 'todo', 'se', 'sal', 'de', 'control', 'creo', 'que', 'nad', 'pa', 'pero', 'la', 'verdad', 'estoy', 'cansado', 'de', 'todo', 'puedo', 'decir', 'abierta', 'que', 'lo', 'mej', 'que', 'ha', 'pasado', 'e', 'ten', 'un', 'person', 'como', 'dian', 'en', 'mi', 'vid', 'pero', 'que', 'si', 'mi', 'madr', 'import', 'mi', 'abuel', 'alguna', 'amistad', 'pero', 'al', 'tenerl', 'confianz', 'sab', 'la', 'verdad', 'dudo', 'que', 'hay', 'podido', 'hac', 'lo', 'que', 'dian', 'hizo', 'en', 'mi', 'dia', 'de', 'hoy', 'se', 'que', 'pasar', 'an', 'tengo', 'miedo', 'solo', 'puedo', 'esper', 'porqu', 'la', 'noch', 'siempr', 'e', 'ma', 'oscur', 'ant', 'que', 'el', 'amanec', 'eso', 'ser', 'mentir', 'en', 'verdad', 'la', 'fras', 'e', 'muer', 'siendo', 'un', 'hero', 'viv', 'lo', 'suficy', 'par', 'convertirt', 'en', 'un', 'villano', 'l', 'o', 'import', 'pero', 'le', 'promet', 'ell', 'que', 'saldr', 'adel', 'eso', 'har', 'por', 'ma', 'mal', 'que', 'est', 'todo', 'a', 'que', 'nad', 'gracia', 'todo', 'espero', 'teng', 'una', 'grand', 'vida', 'creo', 'volv', 'fac', 'entont', 'le', 'deseo', 'lo', 'mej', 'le', 'deseo', 'todo', 'un', 'person', 'como', 'dian', 'en', 'sus', 'vida', 'ojal', 'que', 'si', 'algun', 'dia', 'si', 'se', 'top', 'conmigo', 'ven', 'que', 'sal', 'adel', 'qued', 'esto', 'como', 'un', 'testimonio', 'de', 'que', 'por', 'ma', 'hundid', 'que', 'est', 'un', 'person', 'todo', 'se', 'pued', 'depronto', 'la', 'doy', 'de', 'import', 'escribiendo', 'esto', 'depronto', 'lo', 'soy', 'esto', 'lo', 'leer', 'nady', 'pero', 'se', 'pierdo', 'nad', 'al', 'fin', 'est', 'e', 'el', 'uso', 'del', 'internet', 'el', 'pod', 'expres', 'lo', 'que', 'uno', 'sient', 'yo', 'siento', 'como', 'un', 'mierd', 'un', 'mierd', 'que', 'e', 'fel', 'porqu', 'am']",1
"['hop', 'amy', 'oka']",0
"['rushtoaugust', 'wondercha', 'elyfont', 'happy', 'moth', 'day', 'mom']",0
"['onlin', 'plac', 'get', 'ment', 'person', 'kind', 'adv', 'can', 'not', 'meet', 'doct', 'professiona', 'reason', 'look', 'pay', 'much', 'eith', 'look', 'adv', 'per', 'se', 'friend', 'perhap', 'real', 'know', 'look', 'real', 'bad', 'shap', 'nee', 'guid', 'troubl', 'mot', 'problem']",1
"['preord', 'raz', 'sphex', 'ship', 'today', 'pay', 'review', 'raz', 'ign', 'email']",0
"['surv', 'wish', 'know', 'go', 'detail', 'week', 'ago', 'gav', 'serotonin', 'syndrom', 'near', 'died', 'instead', 'tak', 'hospit', 'mom', 'drov', 'mil', 'away', 'hom', 'isol', 'fin', 'abl', 'get', 'back', 'hom', 'instead', 'support', 'boyfriend', 'turn', 'laziest', 'person', 'last', 'month', 'pay', 'bil', 'chor', 'emot', 'needy', 'atm', 'kick', 'forc', 'mov', 'dog', 'dog', 'hug', 'sourc', 'stress', 'due', 'behavy', 'issu', 'liv', 'grandfath', 'unemploy', 'atm', 'due', 'attack', 'work', 'everyth', 'around', 'hous', 'pay', 'bil', 'noth', 'get', 'don', 'got', 'reject', 'cor', 'program', 'colleg', 'despit', 'perfect', 'grad', 'amaz', 'test', 'scor', 'plac', 'pri', 'long', 'though', 'scraping', 'mon', 'dog', 'heavy', 'consid', 'transfer', 'expend', 'priv', 'school', 'school', 'program', 'know', 'acceiv', 'cor', 'program', 'spring', 'cohort', 'see', 'therap', 'dent', 'right', 'though', 'want', 'vir', 'left', 'hous', 'sint', 'vot', 'worry', 'get', 'sick', 'tri', 'apply', 'es', 'job', 'qual', 'heard', 'back', 'near', 'doz', 'ap', 'already', 'acceiv', 'prob', 'get', 'start', 'car', 'first', 'degr', 'get', 'anywh', 'feel', 'lik', 'mat', 'hard', 'work', 'lif', 'find', 'way', 'fuck', 'hard', 'sourc', 'loc', 'support', 'sint', 'friend', 'mad', 'mov', 'year', 'ago', 'mov', 'away', 'becam', 'sex', 'abud', 'weight', 'gain', 'sint', 'covid', 'outbreak', 'feel', 'lik', 'cherry', 'top', 'everyth', 'day', 'wish', 'surv', 'know', 'feel', 'hop', 'right']",1
"['bring', 'hurt', 'yetsometim', 'drag', 'tip', 'knif', 'around', 'body', 'leav', 'red', 'lin', 'goe', 'away', 'coupl', 'hour', 'nev', 'break', 'skin', 'supermarket', 'brow', 'liqu', 'isl', 'calc', 'cheapest', 'way', 'could', 'keep', 'effect', 'unconscy', 'week', 'straight', 'end', 'buy', 'sit', 'brick', 'on', 'hand', 'tap', 'outstretch', 'fing', 'wond', 'many', 'could', 'break', 'on', 'quick', 'strike', 'crav', 'releas', 'follow', 'feel', 'lik', 'thing', 'giv', 'amount', 'reliev', 'part', 'stop', 'seem', 'get', 'le', 'domin', 'day', 'know', 'going', 'end', 'lik', 'start', 'road']",1
"['feel', 'understood', 'alon', 'wish', 'someon', 'understood', 'feel', 'lik', 'think', 'diff', 'everyon', 'el', 'on', 'understand', 'feel', 'disconnect', 'everybody', 'alway', 'alon', 'on', 'understand', 'alon', 'mak', 'want', 'try', 'lif']",1
"['traum', 'lik', 'two', 'peopl', 'enough', 'reason', 'anymore', 'ba', 'want', 'die', 'sint', 'lit', 'reason', 'keep', 'going', 'thing', 'keep', 'al', 'friend', 'long', 'giv', 'shit', 'on', 'friend', 'stil', 'friend', 'mom', 'kil', 'mu', 'yet', 'want', 'ruin', 'mom', 'lif', 'fuck', 'car', 'enough', 'anym', 'lot', 'lov', 'mom', 'also', 'hug', 'chunk', 'misery', 'lit', 'want', 'die', 'mat', 'on', 'reason']",1
"['compil', 'thing', 'try', 'sleep', 'insomn', 'hi', 'everyon', 'not', 'lot', 'includ', 'suff', 'insomn', 'effect', 'depress', 'assembl', 'short', 'list', 'thing', 'work', 'get', 'sleep', 'ca', 'also', 'help', 'someon', 'el', 'understand', 'subject', 'employ', 'techn', 'stil', 'sleep', 'fault', 'way', 'suit', 'worry', 'lot', 'tri', 'er', 'guid', 'medit', 'itun', 'zzzzzz', 'medit', 'stat', 'stin', 'han', 'itun', 'appl', 'podcast', 'medit', 'stat', 'mt', 'second', 'guid', 'medit', 'exerc', 'tri', 'focus', 'nar', 'clear', 'thought', 'help', 'person', 'stop', 'endless', 'cyc', 'anxy', 'melancho', 'hit', 'bed', 'also', 'phys', 'relax', 'went', 'sleep', 'help', 'sleep', 'le', 'shallow', 'medit', 'gen', 'sooth', 'peopl', 'think', 'breath', 'techn', 'artic', 'tim', 'tim', 'fal', 'asleep', 'on', 'minut', 'night', 'feel', 'lik', 'play', 'medit', 'clip', 'tir', 'breath', 'techn', 'instead', 'help', 'body', 'relax', 'anxy', 'mak', 'feel', 'ten', 'everyth', 'aw', 'okay', 'quest', 'ask', 'giv', 'googl', 'driv', 'preview', 'driv', 'googl', 'fil', 'view', 'gt', 'nighttim', 'sleepy', 'fatigu', 'resist', 'going', 'sleep', 'put', 'pajama', 'mak', 'cozy', 'bed', 'teddy', 'bear', 'sound', 'fal', 'rain', 'clos', 'ey', 'fifteen', 'minut', 'electron', 'screen', 'allow', 'stil', 'awak', 'get', 'press', 'pretty', 'ba', 'on', 'read', 'word', 'stil', 'calm', 'littl', 'though', 'reason', 'sooth', 'nat', 'sound', 'soft', 'murm', 'asoftmurm', 'sometim', 'nat', 'sound', 'help', 'relax', 'on', 'let', 'mix', 'diff', 'sound', 'thund', 'wind', 'sing', 'bowl', 'cricket', 'fir', 'etc', 'volum', 'ratio', 'want', 'sleep', 'tim', 'nat', 'sound', 'thing', 'plethor', 'fre', 'clip', 'youtub', 'wel', 'depend', 'typ', 'pref', 'last', 'pretty', 'petty', 'sometim', 'lik', 'stretch', 'go', 'bed', 'sign', 'brain', 'body', 'try', 'relax', 'person', 'expery', 'sur', 'work', 'everyon', 'el', 'apolog', 'adv', 'effect', 'hop', 'mayb', 'could', 'also', 'someon', 'best', 'wish', 'everyon', 'keep', 'brav', 'fight']",1
"['almost', 'dying', 'curb', 'suicid', 'thought', 'wond', 'almost', 'commit', 'suicid', 'enough', 'feel', 'impact', 'enough', 'die', 'least', 'somewh', 'curb', 'intens', 'feel', 'lik', 'look', 'sh', 'im', 'slight', 'self', 'harm', 'help', 'tim', 'feel', 'fuck', 'stupid', 'year', 'ago', 'tying']",1
"['know', 'much', 'takeeveryth', 'going', 'shit', 'lat', 'head', 'stop', 'hurt', 'hurt', 'back', 'last', 'saturday', 'work', 'prep', 'cut', 'loo', 'in', 'nee', 'go', 'urg', 'car', 'shit', 'hap', 'world', 'fin', 'situ', 'get', 'wors', 'bil', 'keep', 'rack', 'famy', 'help', 'los', 'fuck', 'mind', 'want', 'load', 'gun', 'ready', 'fuck', 'break', 'second']",1
"['kaydeeismeeko', 'hah', 'rooom', 'watch', 'hug', 'crush', 'landon']",0
"['help', 'pleasemy', 'par', 'alway', 'argu', 'help']",1
"['see', 'liv', 'happy', 'fut', 'warn', 'nat', 'engl', 'speak', 'today', 'fuck', 'don', 'on', 'day', 'accum', 'blund', 'fil', 'colleg', 'lif', 'study', 'on', 'reput', 'colleg', 'country', 'par', 'support', 'colleg', 'first', 'year', 'got', 'complac', 'car', 'much', 'academ', 'first', 'year', 'kind', 'believ', 'everyon', 'irrespect', 'cgpa', 'get', 'plac', 'end', 'got', 'habit', 'watch', 'movy', 'gen', 'wast', 'tim', 'internet', 'got', 'bad', 'grad', 'end', 'year', 'par', 'alway', 'proud', 'bring', 'tel', 'hent', 'lied', 'grad', 'mediocr', 'outright', 'bad', 'think', 'could', 'improv', 'grad', 'next', 'year', 'instead', 'grad', 'improv', 'continu', 'get', 'wors', 'internet', 'addict', 'got', 'wors', 'lie', 'par', 'continu', 'get', 'wors', 'fast', 'forward', 'today', 'got', 'year', 'back', 'lied', 'par', 'sist', 'already', 'complet', 'gradu', 'cours', 'tak', 'addit', 'cours', 'stil', 'support', 'par', 'colleg', 'ready', 'expel', 'afraid', 'par', 'react', 'tel', 'lying', 'year', 'wors', 'thing', 'escap', 'continu', 'gam', 'movy', 'tv', 'sery', 'etc', 'depend', 'increas', 'lot', 'feel', 'commit', 'crim', 'grav', 'enough', 'die', 'stil', 'bring', 'tel', 'tru', 'par', 'afraid', 'commit', 'suicid', 'yet', 'feel', 'lik', 'liv', 'es', 'liv', 'fear', 'day', 'bubbl', 'burst', 'see', 'kind', 'happy', 'fut', 'also', 'rich', 'famy', 'money', 'wast', 'import', 'tl', 'dr', 'got', 'bad', 'grad', 'colleg', 'lying', 'par', 'four', 'year', 'got', 'year', 'back', 'par', 'know', 'noth', 'colleg', 'ready', 'expel']",1
"['nic', 'ahd', 'work', 'today']",0
"['dimend', 'freedom', 'ten', 'foot', 'away', 'closet', 'al', 'collect', 'item', 'prom', 'solv', 'everyth', 'key', 'play', 'includ', 'on', 'ar', 'carbin', 'hard', 'shel', 'carry', 'ca', 'four', 'polym', 'magazin', 'twelv', 'round', 'fmj', 'ammunit', 'prom', 'lie', 'mat', 'many', 'tim', 'tel', 'lie', 'stil', 'want', 'believ', 'could', 'disassembl', 'reassembl', 'rifl', 'blindfold', 'sleep', 'land', 'ten', 'shot', 'group', 'are', 'siz', 'quart', 'twenty', 'fiv', 'yard', 'without', 'assist', 'pow', 'scop', 'mount', 'up', 'rail', 'tim', 'feel', 'lik', 'lost', 'ment', 'capac', 'men', 'task', 'tak', 'effort', 'summon', 'chang', 'sock', 'clar', 'see', 'minut', 'fut', 'comfort', 'know', 'mat', 'far', 'mind', 'may', 'gon', 'ruin', 'exhaust', 'brok', 'body', 'may', 'becom', 'stil', 'tak', 'mak', 'on', 'fin', 'shot', 'point', 'blank', 'rang', 'watch', 'lif', 'detery', 'rapid', 'past', 'week', 'pattern', 'ingrain', 'famili', 'plung', 'unconscy', 'ut', 'unaw', 'progress', 'lat', 'med', 'run', 'mad', 'effort', 'sec', 'fresh', 'prescrib', 'bil', 'pil', 'collect', 'ag', 'flood', 'inbound', 'cal', 'list', 'cel', 'phon', 'car', 'dismantl', 'support', 'rel', 'left', 'aly', 'driv', 'away', 'everyon', 'might', 'around', 'interf', 'declin', 'everyon', 'car', 'manip', 'misdirect', 'look', 'way', 'know', 'warn', 'sign', 'oblivy', 'metic', 'cont', 'real', 'situ', 'sometim', 'outright', 'lied', 'divert', 'at', 'first', 'rodeo', 'war', 'bet', 'part', 'year', 'alway', 'swing', 'back', 'for', 'want', 'ok', 'want', 'plant', 'knif', 'jugul', 'spent', 'countless', 'night', 'hold', 'kniv', 'lying', 'paralys', 'flo', 'scrounging', 'last', 'ount', 'resist', 'tel', 'want', 'don', 'whol', 'thing', 'sometim', 'pick', 'on', 'gun', 'tak', 'apart', 'cle', 'put', 'back', 'togeth', 'rins', 'rep', 'hour', 'monoton', 'flirt', 'thing', 'want', 'thing', 'want', 'nev', 'suppos', 'get', 'bet', 'new', 'tre', 'new', 'doct', 'new', 'hom', 'new', 'job', 'fresh', 'start', 'front', 'opportun', 'success', 'destroy', 'reason', 'want', 'quit', 'lif', 'horr', 'past', 'guil', 'conscy', 'unspeak', 'traum', 'excus', 'feel', 'know', 'mak', 'sen', 'noth', 'calm', 'screaming', 'agony', 'insist', 'belong', 'know', 'mak', 'sen', 'simply', 'remov', 'hop', 'find', 'way', 'mak', 'lif', 'wor', 'hang', 'el', 'tir', 'tir', 'fight', 'resist', 'hop', 'tir', 'clutch', 'ribbon', 'lif', 'sur', 'want', 'keep', 'tir', 'spend', 'on', 'day', 'stubborn', 'surv', 'next', 'day', 'slic', 'new', 'groov', 'arm', 'tir', 'inward', 'crav', 'someon', 'anyon', 'along', 'car', 'outward', 'weav', 'revolt', 'im', 'someon', 'nobody', 'could', 'bring', 'car', 'tir', 'feel', 'lik', 'both', 'reach', 'help', 'deserv', 'help', 'many', 'tim', 'tir', 'prob', 'salv', 'fal', 'asleep', 'find', 'energy', 'accompl', 'exit', 'feel', 'wors', 'fail', 'cry', 'wolf', 'wast', 'tim', 'concern', 'at', 'anyon', 'hap', 'look', 'right', 'mom', 'back', 'work', 'pretend', 'noth', 'wrong', 'hom', 'curl', 'flo', 'dark', 'room', 'alon', 'twist', 'mind', 'beg', 'someth', 'nam', 'know', 'lik', 'reject', 'whatev', 'off', 'ign', 'problem', 'hat', 'thought', 'erod', 'away', 'anonym', 'hospit', 'sur', 'want', 'ok', 'anym', 'want', 'ticket', 'cruc', 'piec', 'whatev', 'let', 'cash', 'sometim', 'feel', 'pain', 'sometim', 'feel', 'ang', 'sometim', 'feel', 'lon', 'guilt', 'regret', 'whatev', 'el', 'tim', 'feel', 'desp', 'deep', 'disgust', 'hat', 'real', 'hat', 'allow', 'becom', 'real', 'hat', 'stay', 'al', 'hat', 'thought', 'gon', 'prison', 'mind', 'ward', 'cruel', 'skept', 'anyon', 'read', 'both', 'mov', 'behalf', 'both', 'reply', 'say', 'someon', 'pay', 'at', 'feel', 'lik', 'wor', 'know', 'hap', 'feel', 'wak', 'tomorrow', 'know', 'want', 'improv', 'know', 'hat', 'post', 'delet', 'simply', 'suff', 'sil', 'anonym', 'lost', 'prob', 'tel', 'want', 'help', 'plea', 'list']",1
"['going', 'monday', 'set', 'dat', 'post', 'depress', 'phas', 'depress', 'anym', 'acceiv', 'fact', 'going', 'kil', 'leav', 'shitty', 'world', 'pain', 'suff', 'not', 'writ', 'sunday', 'going', 'includ', 'fun', 'also', 'stat', 'thank', 'noth']",1
"['littl', 'every', 'day', 'becom', 'habit', 'see', 'benefit', 'said', 'habit', 'quicky', 'new', 'year', 'eat', 'fast', 'food', 'resta', 'food', 'almost', 'dai', 'incred', 'lazy', 'littl', 'paty', 'anyth', 'obvy', 'disast', 'read', 'book', 'chang', 'perspect', 'lif', 'mom', 'decid', 'diet', 'stick', 'eat', 'hom', 'spend', 'dim', 'fast', 'food', 'junk', 'food', 'etc', 'lost', 'pound', 'diet', 'alon', 'although', 'stil', 'che', 'day', 'stuck', 'goal', 'long', 'enough', 'understand', 'imp', 'let', 'go', 'bad', 'habit', 'sav', 'feel', 'much', 'bet', 'lat', 'thank', 'drink', 'eat', 'junk', 'food', 'most', 'wat', 'drink', 'eat', 'fast', 'food', 'behind', 'wast', 'money', 'mad', 'feel', 'lik', 'shit', 'start', 'work', 'two', 'day', 'ago', 'fre', 'onlin', 'fit', 'video', 'popul', 'coupl', 'sor', 'feel', 'good', 'someth', 'el', 'want', 'build', 'guess', 'want', 'know', 'instead', 'beat', 'develop', 'everyon', 'el', 'start', 'somewh', 'anywh', 'build', 'dai', 'comply', 'someth', 'managebl', 'long', 'enough', 'see', 'result', 'long', 'enough', 'gain', 'prid', 'long', 'enough', 'put', 'past', 'good', 'luck']",1
"['found', 'reddit', 'say', 'goodby', 'vary', 'sport', 'subreddit', 'wel', 'radio', 'show', 'marin', 'corp', 'subreddit', 'involv', 'in', 'fig', 'post', 'sur', 'el', 'reddit', 'giv', 'suicid', 'hotlin', 'numb', 'last', 'tim', 'post', 'hour', 'ago', 'reddit', 'account', 'reddit', 'sub', 'two', 'subreddit', 'post', 'caught', 'at']",1
"['lol', 'nic', 'today', 'tot', 'wok', 'wast', 'day', 'work', 'thing', 'youtub', 'project']",0
"['know', 'kind', 'horr', 'thought', 'sometim', 'see', 'porn', 'get', 'upset', 'im', 'jeal', 'get', 'angry', 'thing', 'lik', 'ridic']",1
"['want', 'bad', 'kil', 'tright', 'want', 'anyth', 'go', 'medicin', 'cabinet', 'tak', 'dph', 'pil', 'get', 'most', 'effect', 'peopl', 'around', 'lov', 'fuck', 'depress', 'downward', 'spir', 'becom', 'increas', 'wors', 'day', 'go']",1
"['guess', 'friendsth', 'person', 'best', 'friend', 'tot', 'dist', 'nev', 'around', 'three', 'week', 'ago', 'ask', 'guard', 'year', 'old', 'son', 'died', 'enthusiast', 'agree', 'cours', 'part', 'said', 'nev', 'mak', 'invit', 'long', 'feel', 'lik', 'door', 'alway', 'op', 'run', 'detach', 'ask', 'talk', 'right', 'feel', 'incred', 'day', 'ago', 'told', 'nee', 'friend', 'lam', 'excus', 'talk', 'facebook', 'person', 'world', 'trust', 'son', 'person', 'ag', 'trust', 'deepest', 'feel', 'on', 'spil', 'feel', 'stranger', 'internet', 'want', 'al', 'want', 'dead', 'want', 'feel', 'gun', 'head', 'put', 'mou', 'aim', 'bb', 'gun', 'on', 'nic', 'on', 'pract', 'indistinct', 'pol', 'gun', 'dist', 'got', 'plea', 'heft', 'feel', 'nic', 'hand']",1
"['fac', 'realityal', 'day', 'every', 'day', 'tim', 'tick', 'wish', 'could', 'guy', 'guy', 'sint', 'choos', 'lie', 'watch', 'pixel', 'screen', 'mov', 'die', 'choos', 'engulf', 'self', 'anoth', 'realm', 'bear', 'cumbersom', 'helm', 'long', 'work', 'cry', 'choos', 'chang', 'chem', 'driv', 'mind', 'smok', 'night', 'away', 'try', 'optim', 'next', 'day', 'find', 'hard', 'los', 'const', 'quest', 'ment', 'heal', 'wish', 'could', 'burn', 'hand', 'dealt', 'real', 'becom', 'burd', 'know', 'get', 'bet', 'earn', 'two', 'conflict', 'idea', 'head', 'on', 'lif', 'on', 'dea', 'dea', 'absolv', 'low', 'consid', 'hand', 'del', 'fin', 'blow', 'hat', 'go', 'know', 'much', 'long', 'disfunct', 'brain', 'go']",1
"['nee', 'adv', 'friendmy', 'friend', 'rec', 'lost', 'pot', 'job', 'due', 'mat', 'hand', 'heal', 'declin', 'feel', 'lik', 'embarrass', 'famy', 'friend', 'seen', 'light', 'day', 'week', 'worry', 'talk', 'friend', 'exceiv', 'sug', 'coat', 'anyth', 'lif', 'absolv', 'terr', 'comp', 'month', 'ago', 'know', 'get', 'angry', 'someon', 'tri', 'act', 'lik', 'bad', 'first', 'tim', 'told', 'po', 'end', 'want', 'go', 'tomorrow', 'tim', 'prep', 'prop', 'suicid', 'let', 'chang', 'mind', 'know', 'situ', 'screwed', 'lif', 'due', 'rec', 'im', 'liberty', 'divulg', 'ba', 'convint', 'someon', 'lif', 'tru', 'terr', 'kil', 'also', 'already', 'antidepress', 'start', 'due', 'situ', 'edit', 'not', 'numb', 'concern', 'loss', 'job', 'nev', 'abl', 'get', 'back', 'job', 'field', 'spent', 'year', 'study', 'rest', 'lif']",1
"['kenftwin', 'start', 'watch', 'rock', 'borrow', 'season', 'dad', 'good']",0
"['let', 'famy', 'friendstonight', 'breakdown', 'sev', 'hour', 'pan', 'attack', 'follow', 'vomit', 'uncontrol', 'wrot', 'not', 'apolog', 'famy', 'friend', 'stuck', 'don', 'feel', 'terr', 'tim', 'const', 'battl', 'thought', 'self', 'wor', 'find', 'reason', 'wak', 'morn', 'feel', 'lik', 'almost', 'ready', 'yet', 'writ', 'cal', 'cry', 'help', 'wish', 'want', 'leav', 'fright', 'feel', 'bet', 'const', 'neg', 'thought', 'plagu', 'want', 'reach', 'someon', 'energy', 'try', 'explain', 'feel', 'anyon', 'anym', 'tir', 'sleep']",1
"['on', 'rememb', 'birthdaymy', 'birthday', 'day', 'ago', 'non', 'friend', 'rememb', 'mean', 'fuck', 'set', 'birthday', 'party', 'singl', 'hand', 'motherfuck', 'stil', 'giv', 'shit', 'invit', 'movy', 'got', 'mayb', 'spent', 'last', 'two', 'day', 'lying', 'mak', 'excus', 'might', 'busy', 'went', 'fuck', 'party', 'ex', 'best', 'friend', 'today', 'friend', 'fuck', 'suck', 'mak', 'new', 'friend', 'stop', 'fuck', 'los', 'wait', 'fuck', 'already', 'angry', 'sad', 'every', 'fuck', 'tim', 'someth', 'lik', 'hap', 'prom', 'chang', 'go', 'back', 'piec', 'shit']",1
"['tri', 'best', 'tir', 'deserv', 'end', 'earn', 'right', 'feel', 'lik', 'year', 'fair', 'consist', 'last', 'want', 'kil', 'want', 'commit', 'act', 'act', 'want', 'think', 'want', 'think', 'going', 'find', 'body', 'want', 'think', 'famy', 'cop', 'real', 'real', 'want', 'al', 'anym', 'year', 'real', 'long', 'year', 'wak', 'near', 'every', 'morn', 'dread', 'day', 'ahead', 'entir', 'lost', 'hop', 'anyth', 'get', 'bet', 'whenev', 'think', 'rock', 'bottom', 'somehow', 'thing', 'man', 'get', 'wors', 'mayb', 'mayb', 'weary', 'tir', 'reason', 'end', 'begin', 'outweigh', 'exhaust', 'dread', 'held', 'togeth', 'long', 'despit', 'fact', 'half', 'tim', 'cry', 'sleep', 'rest', 'tim', 'complet', 'numb', 'empty', 'wel', 'think', 'two', 'colleg', 'degr', 'fair', 'wel', 'maintain', 'good', 'rel', 'famy', 'lot', 'friend', 'colleg', 'deep', 'friend', 'most', 'talk', 'footbal', 'colleg', 'work', 'friend', 'non', 'le', 'think', 'don', 'nev', 'thought', 'could', 'someth', 'lik', 'par', 'lov', 'deeply', 'best', 'par', 'girl', 'could', 'begin', 'feel', 'lik', 'paid', 'due', 'yeah', 'terr', 'thing', 'put', 'tri', 'fought', 'long', 'deserv', 'deserv', 'abl', 'stop', 'stop', 'pain', 'fals', 'smil', 'cry', 'anxy', 'const', 'bit', 'jealousy', 'toward', 'everyon', 'met', 'got', 'someon', 'kind', 'stag', 'lif', 'friend', 'peopl', 'around', 'begin', 'settl', 'get', 'marry', 'kid', 'kil', 'nev', 'tak', 'grant', 'norm', 'want', 'watch', 'broth', 'get', 'marry', 'mov', 'away', 'cousin', 'first', 'baby', 'hear', 'way', 'best', 'friend', 'colleg', 'propos', 'mak', 'sound', 'lik', 'terr', 'person', 'bear', 'watch', 'everyon', 'liv', 'unfold', 'stand', 'sidelin', 'going', 'mot', 'yet', 'get', 'clos', 'point', 'guilt', 'gon', 'feel', 'lik', 'earn', 'right', 'kil', 'fight', 'long', 'visit', 'famy', 'weekend', 'know', 'heard', 'cry', 'every', 'night', 'year', 'noth', 'left', 'say', 'know', 'noth', 'help', 'hang', 'guilt', 'gon']",1
"['andyeandinh', 'gav', 'kiss', 'flirt', 'cours', 'lik']",0
"['sur', 'anymorewh', 'lif', 'seem', 'lik', 'unwin', 'battl', 'feel', 'lik', 'happy', 'want', 'everyth', 'end', 'good', 'year', 'lif', 'first', 'ten', 'fin', 'divorc', 'wom', 'stil', 'lov', 'want', 'wom', 'year', 'marry', 'month', 'went', 'quit', 'bit', 'wit', 'domest', 'viol', 'hap', 'right', 'insid', 'par', 'hous', 'everyon', 'moth', 'phys', 'assault', 'black', 'argu', 'yel', 'insign', 'thing', 'exampl', 'got', 'hom', 'work', 'on', 'night', 'cook', 'day', 'lin', 'cook', 'demand', 'mak', 'food', 'work', 'ub', 'lyft', 'refus', 'go', 'work', 'night', 'simply', 'ask', 'going', 'work', 'night', 'get', 'bitch', 'good', 'hour', 'say', 'going', 'sleep', 'tonight', 'instead', 'max', 'credit', 'card', 'on', 'christmas', 'don', 'rough', 'wor', 'gift', 'lock', 'giv', 'tre', 'track', 'pay', 'wreck', 'car', 'pay', 'pocket', 'deduc', 'credit', 'card', 'debt', 'tak', 'back', 'seat', 'on', 'work', 'car', 'shop', 'accid', 'span', 'year', 'half', 'lost', 'macbook', 'pro', 'pawn', 'shop', 'doll', 'laptop', 'model', 'plan', 'mak', 'car', 'kick', 'safeway', 'best', 'buy', 'bank', 'eith', 'yel', 'cho', 'box', 'cak', 'mix', 'broth', 'birthday', 'yel', 'employ', 'someth', 'rememb', 'dealt', 'dea', 'abud', 'fath', 'man', 'desp', 'hel', 'thought', 'get', 'mind', 'though', 'beauty', 'girlfriend', 'let', 'girlfriend', 'car', 'commut', 'work', 'errand', 'liv', 'town', 'away', 'let', 'gar', 'car', 'plac', 'work', 'day', 'week', 'lot', 'stuff', 'going', 'lif', 'bar', 'see', 'find', 'get', 'insec', 'last', 'rel', 'day', 'accus', 'che', 'show', 'work', 'leav', 'flow', 'energy', 'drink', 'car', 'found', 'guy', 'nam', 'tag', 'sit', 'cent', 'consol', 'piss', 'turn', 'gav', 'rid', 'left', 'nam', 'tag', 'car', 'reason', 'expl', 'thing', 'yet', 'mind', 'keep', 'jump', 'worst', 'conclud', 'know', 'going', 'los', 'continu', 'help', 'lot', 'fin', 'lat', 'due', 'going', 'on', 'shitty', 'job', 'anoth', 'wait', 'paycheck', 'on', 'seem', 'ok', 'gas', 'stat', 'friend', 'famy', 'allow', 'anywh', 'near', 'property', 'prob', 'work', 'took', 'bus', 'plac', 'flow', 'energy', 'drink', 'car', 'park', 'across', 'street', 'gas', 'stat', 'brok', 'though', 'paycheck', 'high', 'help', 'gas', 'food', 'expens', 'nee', 'help', 'depress', 'go', 'work', 'pant', 'sew', 'dai', 'ba', 'hol', 'keep', 'form', 'work', 'sho', 'go', 'flip', 'flop', 'front', 'fal', 'apart', 'cat', 'flea', 'though', 'indo', 'cat', 'get', 'regul', 'fle', 'tre', 'vet', 'reason', 'flea', 'room', 'cle', 'don', 'post', 'pict', 'liv', 'vomit', 'near', 'vomit', 'walk', 'kitch', 'stench', 'leav', 'trash', 'everywh', 'on', 'pregn', 'think', 'saw', 'rat', 'day', 'op', 'door', 'pantry', 'second', 'story', 'apart', 'tak', 'two', 'bus', 'work', 'on', 'hom', 'two', 'feel', 'lik', 'wait', 'minut', 'bus', 'spend', 'minut', 'walk', 'ment', 'phys', 'exhaust', 'tim', 'get', 'hom', 'exhaust', 'wak', 'emot', 'exhaust', 'bar', 'form', 'smil', 'know', 'anym', 'heal', 'cov', 'see', 'someon', 'ment', 'heal', 'pay', 'copay']",1
"['lord', 'help', 'help', 'hey', 'r', 'depress', 'sign', 'stuck', 'rut', 'every', 'day', 'get', 'hard', 'just', 'wait', 'bet', 'day', 'fail', 'famy', 'fail', 'bear', 'anym', 'wond', 'day', 'destin', 'writh', 'ment', 'anct', 'want', 'run', 'away', 'godforsak', 'plac', 'know', 'also', 'nee', 'help', 'leav', 'hom', 'start', 'anew', 'chang', 'run', 'away', 'hop', 'best', 'far', 'run', 'hid', 'block', 'bad', 'accentu', 'littl', 'posit', 'could', 'scaveng', 'day', 'alway', 'consid', 'smart', 'av', 'bear', 'quit', 'mat', 'bad', 'hand', 'dealt', 'right', 'complain', 'afraid', 'disappear', 'feel', 'lik', 'fish', 'wat', 'wait', 'someon', 'throw', 'back', 'lak', 'nee', 'superm', 'nee', 'adv', 'empathy', 'someth', 'mak', 'keep', 'littl', 'long', 'seek', 'help', 'pok', 'gam', 'lif', 'rig', 'run', 'chip', 'ment', 'fortitud', 'surv', 'tor', 'dying', 'insid', 'littl', 'day', 'thank', 'hear', 'schizophrenic', 'rambl', 'stranger', 'edit', 'typo']",1
"['tak', 'anym', 'feel', 'deadeveryday', 'feel', 'lik', 'shit', 'feel', 'lik', 'deserv', 'anyth', 'anyon', 'sad', 'pathet', 'lif', 'body', 'wast', 'wish', 'could', 'disappear', 'forev', 'era', 'hist', 'friend', 'country', 'mom', 'emot', 'abus', 'liv', 'tal', 'stupid', 'const', 'envy', 'peopl', 'get', 'angry', 'sad', 'sometim', 'can', 'not', 'releas', 'wish', 'could', 'get', 'cour', 'kil', 'real', 'coward', 'kil', 'pathet', 'ex', 'bet', 'gon', 'saddest', 'part', 'can', 'not', 'wish', 'could', 'stab', 'hundr', 'tim', 'start', 'feel', 'numb', 'pain', 'deserv', 'girlfriend', 'friend', 'form', 'lif', 'happy', 'hollow', 'heart', 'lik', 'dark', 'abyss', 'see', 'tiny', 'bit', 'hum', 'alway', 'lik', 'help', 'peopl', 'mad', 'feel', 'proud', 'real', 'pointless', 'ex', 'tru', 'nev', 'ask', 'born', 'accid', 'everyth', 'fault', 'wish', 'era', 'fabr', 'tim', 'know', 'last', 'feel', 'end', 'clos']",1
"['dondivawear', 'thank']",0
"['know', 'liveinit', 'suppos', 'mov', 'best', 'friend', 'due', 'fin', 'issu', 'understand', 'idk', 'mov', 'stick', 'par', 'story', 'last', 'year', 'depress', 'got', 'real', 'bad', 'tak', 'year', 'univers', 'year', 'work', 'tri', 'help', 'ment', 'heal', 'right', 'feel', 'lik', 'liv', 'par', 'ment', 'heal', 'get', 'wors', 'pro', 'much', 'fin', 'stress', 'hand', 'mov', 'fin', 'stress', 'sur', 'handl', 'stress', 'top', 'keep', 'grad', 'part', 'want', 'nee', 'mov', 'see', 'ment', 'heal', 'improv', 'anoth', 'part', 'say', 'suck', 'liv', 'par', 'til', 'fin', 'degr', 'mov', 'flip', 'ide', 'plea', 'help']",1
"['best', 'friend', 'told', 'stay', 'away', 'hermy', 'be', 'friend', 'im', 'told', 'shouldnt', 'talk', 'writ', 'meet', 'anym', 'friend', 'told', 'im', 'weird', 'aswel', 'boyfriend', 'hat', 'sometim', 'met', 'worst', 'thing', 'lov', 'nev', 'tel', 'want', 'happy', 'enjoy', 'lat', 'night', 'talk', 'ca', 'chat', 'meet', 'up', 'real', 'dont', 'know', 'right', 'want', 'die', 'im', 'gon', 'na', 'attend', 'school', 'tomorrow', 'prob', 'next', 'week', 'want', 'kil', 'bad', 'also', 'play', 'rol', 'im', 'depress', 'whe', 'first', 'friend', 'told', 'acceiv', 'didnt', 'thought', 'weird', 'went', 'knew', 'felt', 'friend', 'sav', 'hav', 'many', 'sad', 'feel', 'thought', 'didnt', 'feel', 'depress', 'talk', 'wrot', 'cam', 'back', 'plea', 'help']",1
"['r', 'drug', 'help', 'interv', 'depress', 'clancylou', 'osricthebastard', 'guy', 'gav', 'littl', 'nudg', 'right', 'direct', 'nee', 'going', 'try', 'see', 'real', 'physiolog', 'therap', 'soon', 'got', 'rid', 'tramadol', 'escitalopram', 'left', 'stay', 'cle', 'long', 'lik', 'continu', 'smok', 'wee', 'relax', 'mak', 'feel', 'le', 'anxy', 'tim', 'feel', 'crazy', 'mad', 'post', 'real', 'thank', 'guy', 'help', 'much', 'hop', 'littl', 'nudg', 'launch', 'pad', 'spring', 'forward', 'get', 'bet', 'thank', 'cant', 'tel', 'much', 'littl', 'posit', 'mean']",1
"['therapy', 'thought', 'focus', 'im', 'wond', 'therapy', 'foc', 'much', 'thought', 'know', 'neg', 'cognit', 'result', 'low', 'mood', 'rath', 'caus', 'guy', 'low', 'mood', 'caus', 'thought', 'low', 'mood', 'tri', 'observ', 'thought', 'anyth', 'clear', 'mood', 'caus', 'improv', 'mood', 'sort', 'stuff', 'med', 'meant', 'rath', 'therapy']",1
"['nee', 'someon', 'crutch', 'mak', 'happy', 'post', 'wal', 'text', 'r', 'offmychest', 'thought', 'going', 'hug', 'reliev', 'got', 'act', 'feel', 'pretty', 'shitty', 'pathet', 'post', 'feel', 'lik', 'ov', 'dram', 'baby', 'mov', 'real', 'soon', 'post', 'incoh', 'wal', 'text', 'nev', 'happy', 'someon', 'year', 'lif', 'alway', 'wond', 'nev', 'sery', 'girlfriend', 'kil', 'go', 'friend', 'bring', 'girlfriend', 'look', 'happy', 'enjoy', 'company', 'hit', 'real', 'hard', 'class', 'week', 'mal', 'dent', 'hygy', 'stud', 'every', 'singl', 'girl', 'class', 'attach', 'wheth', 'dat', 'marry', 'eng', 'alway', 'wond', 'singl', 'wish', 'could', 'giv', 'honest', 'answ', 'rid', 'hom', 'class', 'day', 'mad', 'think', 'wrong', 'pin', 'point', 'issu', 'honest', 'know', 'happy', 'alon', 'comfort', 'hom', 'cap', 'chang', 'feel', 'want', 'prev', 'almost', 'lik', 'enjoy', 'fuck', 'pity', 'party', 'want', 'get', 'help', 'want', 'const', 'sign', 'multipl', 'dat', 'sit', 'search', 'peopl', 'help', 'mak', 'happy', 'dad', 'ut', 'asshol', 'feel', 'think', 'reason', 'mom', 'depress', 'crazy', 'const', 'yel', 'hom', 'mom', 'ment', 'suff', 'depress', 'alway', 'sleep', 'middl', 'broth', 'soc', 'awkward', 'keep', 'room', 'sist', 'dram', 'queen', 'bitch', 'alway', 'defens', 'argu', 'go', 'hom', 'los', 'interest', 'everyth', 'los', 'interest', 'homework', 'los', 'interest', 'talk', 'friend', 'los', 'interest', 'everyth', 'tim', 'play', 'video', 'gam', 'escap', 'awhil', 'enjoy', 'play', 'know', 'year', 'quart', 'fuck', 'century', 'yet', 'cont', 'plac', 'right', 'shitty', 'gam', 'lif', 'hat', 'facebook', 'everyon', 'look', 'incred', 'happy', 'busy', 'many', 'excit', 'thing', 'going', 'lif', 'stil', 'bed', 'sunday', 'afternoon', 'hat', 'happy', 'liv', 'embarrass', 'talk', 'someon', 'person', 'know', 'problem', 'feel', 'complet', 'helpless', 'right', 'sorry', 'long', 'post']",1
"['tir', 'everyon', 'expect', 'let', 'tir', 'feel', 'lik', 'everyon', 'expect', 'alway', 'let', 'lost', 'job', 'foc', 'get', 'mot', 'depress', 'abl', 'get', 'new', 'on', 'anyth', 'around', 'match', 'background', 'tri', 'branch', 'new', 'field', 'expery', 'match', 'look', 'get', 'wee', 'anybody', 'giv', 'chant', 'burd', 'world', 'spous', 'synt', 'yet', 'could', 'scream', 'cry', 'beg', 'blu', 'fac', 'get', 'coop', 'try', 'fix', 'on', 'par', 'liv', 'fantasy', 'world', 'laugh', 'discus', 'real', 'top', 'mak', 'sur', 'point', 'situ', 'hurt', 'phrase', 'woe', 'tri', 'explain', 'feel', 'par', 'expect', 'find', 'job', 'non', 'avail', 'spous', 'expect', 'get', 'job', 'cle', 'hous', 'tak', 'car', 'kid', 'neighb', 'expect', 'shitty', 'lawn', 'busy', 'watch', 'kid', 'fight', 'keep', 'liv', 'tim', 'anyth', 'expect', 'someth', 'chang', 'posit', 'nev', 'expect', 'on', 'day', 'abl', 'someth', 'day', 'feel', 'helpless', 'hopeless', 'least', 'burd', 'expect', 'friend', 'nonex', 'hel', 'on', 'person', 'talk', 'person', 'nev', 'real', 'list', 'hop', 'find', 'antidepress', 'someth', 'kil', 'libido', 'going', 'half', 'doz', 'pretty', 'much', 'acceiv', 'fact', 'real', 'way', 'sometim', 'feel', 'lik', 'hopeless', 'decid', 'continu', 'liv', 'par', 'difficult', 'spot', 'act', 'consid', 'suicid', 'peopl', 'help', 'knew', 'get', 'plac', 'immedy', 'dang', 'categ', 'feel', 'lik', 'get', 'tri', 'group', 'real', 'nobody', 'giv', 'much', 'damn', 'try', 'connect', 'suicid', 'chatlin', 'see', 'numb', 'lin', 'disconnect', 'stil', 'breath', 'tomorrow', 'might', 'prev', 'talk', 'someon', 'tonight', 'year', 'depress', 'year', 'acknowledg', 'try', 'someth', 'success', 'suck', 'nev', 'imagin', 'going', 'school', 'study', 'hard', 'good', 'end', 'depress', 'lon', 'unemploy', 'worthless', 'unrespect', 'poverty', 'feel', 'lik', 'ant', 'am', 'dream', 'know', 'post', 'cam', 'disconnect', 'rambl', 'hop', 'mak', 'feel', 'littl', 'bet', 'kil', 'tim', 'got', 'tir', 'enough', 'go', 'sleep', 'wak', 'disappoint', 'everyon', 'tomorrow']",1
"['think', 'friend', 'nee', 'help', 'fin', 'though', 'expery', 'lot', 'disappoint', 'pain', 'dea', 'grandp', 'sid', 'dad', 'on', 'sid', 'mom', 'fin', 'suicid', 'on', 'classm', 'yeah', 'thought', 'could', 'see', 'hap', 'know', 'year', 'middl', 'school', 'rn', 'ba', 'know', 'anyth', 'oth', 'least', 'know', 'beggin', 'know', 'eachoth', 'bet', 'hap', 'on', 'day', 'lat', 'found', 'felt', 'alon', 'everyon', 'talk', 'bor', 'act', 'lik', 'mean', 'thought', 'could', 'get', 'know', 'eachoth', 'bet', 'becom', 'friend', 'info', 'dea', 'real', 'hard', 'acceiv', 'hap', 'sign', 'cam', 'next', 'thought', 'coul', 'spot', 'someth', 'prev', 'keep', 'blam', 'could', 'someth', 'anyth', 'help', 'know', 'situ', 'let', 'jump', 'pres', 'tim', 'class', 'mad', 'grup', 'friend', 'everyth', 'seem', 'fin', 'on', 'big', 'group', 'act', 'weird', 'mean', 'know', 'long', 'peopl', 'lik', 'kind', 'stuff', 'keep', 'talk', 'dea', 'wrot', 'poem', 'class', 'messeng', 'group', 'seem', 'lik', 'sad', 'lov', 'backst', 'look', 'lik', 'blam', 'whatev', 'hap', 'antisoc', 'introvert', 'keep', 'mak', 'dea', 'jok', 'last', 'went', 'mad', 'second', 'friend', 'reason', 'cam', 'back', 'half', 'hour', 'said', 'fin', 'tri', 'keep', 'dist', 'two', 'know', 'eachoth', 'year', 'guess', 'stubborn', 'fuc', 'break', 'antiworld', 'shield', 'know', 'think', 'try', 'keep', 'ey', 'think', 'someth', 'hap', 'powerless', 'help', 'want', 'feel', 'lon', 'also', 'step', 'thin', 'lin', 'know', 'hap', 'act', 'try', 'end', 'lif', 'friend', 'left', 'gossip', 'reason', 'contact', 'el', 'school', 'class', 'on', 'found', 'grandm', 'dead', 'hous', 'friend', 'two', 'cur', 'class', 'on', 'two', 'boi', 'know', 'long', 'peopl', 'leav', 'stubborn', 'hel', 'somebody', 'tri', 'insult', 'lik', 'mak', 'feel', 'bad', 'wors', 'know', 'long', 'stand', 'could', 'find', 'gf', 'somebody', 'rely', 'problem', 'girl', 'entir', 'school', 'most', 'tak', 'oppurtun', 'talk', 'stuff', 'talk', 'quarantin', 'want', 'read', 'entir', 'essay', 'friend', 'act', 'lik', 'depress', 'know', 'someth', 'prob', 'going', 'break', 'rec', 'found', 'lif', 'quot', 'book', 'preson', 'expery', 'much', 'suff', 'dea', 'eith', 'incred', 'stubborn', 'naiv', 'fai', 'trust', 'everybody']",1
"['tri', 'giv', 'alcohol', 'fel', 'straight', 'cocain', 'sery', 'depress', 'episod', 'month', 'start', 'feel', 'bit', 'bet', 'thought', 'could', 'bring', 'stop', 'drink', 'put', 'alcohol', 'box', 'gav', 'friend', 'decid', 'bring', 'id', 'shop', 'buy', 'first', 'day', 'hard', 'second', 'bit', 'easy', 'third', 'day', 'bet', 'stil', 'someon', 'ment', 'cocain', 'convers', 'thought', 'back', 'period', 'regul', 'skip', 'hour', 'lat', 'got', 'deal', 'three', 'day', 'ago', 'every', 'day', 'sint', 'afraid', 'sobry', 'crush', 'despair', 'tak', 'drink', 'seem', 'lik', 'step', 'backward', 'though', 'cok', 'obvy', 'improv', 'prospect', 'act', 'get', 'bed', 'morn', 'without', 'anyth', 'get', 'terr', 'obvy', 'problem', 'tip', 'deal', 'see', 'good', 'long', 'run', 'somehow', 'enough', 'get', 'stop']",1
"['mu', 'reason', 'surv', 'sery', 'depress', 'almost', 'suicide', 'battl', 'sery', 'depress', 'whol', 'lif', 'almost', 'commit', 'suicid', 'almost', 'commit', 'sery', 'thought', 'almost', 'commit', 'knif', 'hand', 'day', 'stil', 'know', 'stop', 'grat', 'every', 'singl', 'day', 'someth', 'howev', 'though', 'long', 'past', 'sery', 'depress', 'stil', 'night', 'day', 'relaps', 'back', 'stat', 'mind', 'mu', 'deal', 'demon', 'past', 'pres', 'mu', 'help', 'feel', 'connect', 'world', 'felt', 'disconnect', 'everyth', 'every', 'singl', 'day', 'list', 'lyr', 'yel', 'song', 'top', 'lung', 'room', 'etc', 'help', 'feel', 'may', 'seem', 'triv', 'becam', 'disconnect', 'world', 'ment', 'stop', 'feel', 'assum', 'suppos', 'liv', 'emotionless', 'motionless', 'howev', 'mu', 'help', 'feel', 'year', 'lat', 'start', 'cre', 'mu', 'ultim', 'goal', 'help', 'peopl', 'way', 'mu', 'help', 'mak', 'feel', 'connect', 'giv', 'someth', 'could', 'rel', 'long', 'felt', 'reach', 'speak', 'mad', 'depress', 'wors', 'peopl', 'fear', 'understand', 'cre', 'song', 'video', 'two', 'reason', 'peopl', 'gon', 'sery', 'depress', 'cur', 'going', 'feel', 'alon', 'spent', 'much', 'lif', 'think', 'on', 'going', 'going', 'mad', 'everyth', 'wors', 'prom', 'alon', 'peopl', 'nev', 'expery', 'start', 'bet', 'understand', 'mindset', 'ment', 'vuln', 'story', 'youtub', 'watch', 'v']",1
